Frame,Right_Shoulder_X,Right_Shoulder_Y,Right_Elbow_X,Right_Elbow_Y,Right_Wrist_X,Right_Wrist_Y,Right_Angle,Left_Shoulder_X,Left_Shoulder_Y,Left_Elbow_X,Left_Elbow_Y,Left_Wrist_X,Left_Wrist_Y,Left_Angle
0,0.350131035,0.701822042,0.112118125,0.617507398,0.364287913,0.467019379,50.33398006,0.656924784,0.717817128,0.907288551,0.610941887,0.676784754,0.451701641,57.75475819
1,0.353767335,0.701020181,0.112678565,0.620069742,0.36398679,0.466313243,50.01983113,0.659514368,0.713658214,0.907992661,0.611638486,0.676742136,0.451651543,56.99877283
2,0.356606692,0.700243056,0.111355886,0.620637655,0.361751378,0.466278613,49.63500487,0.660341978,0.711936951,0.911275506,0.611760557,0.679362297,0.450552762,56.56660269
3,0.35884133,0.700591922,0.111397184,0.623139679,0.356853217,0.466292471,49.95930031,0.663361192,0.711975038,0.913428187,0.612731218,0.679593146,0.450288653,56.43386231
4,0.358715326,0.700758278,0.110143363,0.629374266,0.353220016,0.464276016,50.20726073,0.663507402,0.712217927,0.917067409,0.615383029,0.680859804,0.447033405,56.38011229
5,0.358548701,0.700533152,0.105943635,0.629406095,0.348995805,0.464162469,49.93641521,0.663574576,0.713752687,0.919492841,0.620291591,0.68424207,0.446854889,56.46133458
6,0.358862728,0.70055449,0.105030194,0.632868052,0.347308993,0.463070899,49.95501286,0.663760066,0.715110719,0.92127049,0.623819351,0.687040865,0.44652766,56.64278248
7,0.359016925,0.702278256,0.102833427,0.634550393,0.343633085,0.46306482,50.26521031,0.664477229,0.716040373,0.923119903,0.626212537,0.68911016,0.446441114,56.68461939
8,0.359149605,0.707839072,0.10297928,0.639477611,0.343985677,0.457440674,52.00620513,0.664762199,0.716127694,0.923435569,0.629819334,0.689817488,0.446446955,56.58088349
9,0.359126925,0.709223986,0.102900326,0.64217025,0.344499856,0.44811222,53.43744627,0.664803386,0.716013491,0.924353719,0.632402718,0.694809496,0.444970727,57.08867773
10,0.357164711,0.712055266,0.095077142,0.642411888,0.340885162,0.44779247,53.2516181,0.66492641,0.716351867,0.926214397,0.637146711,0.70006448,0.444318265,57.31663784
11,0.354936838,0.711901963,0.09417145,0.643755019,0.33728978,0.44780919,53.51353898,0.664929986,0.715481877,0.926636815,0.641474664,0.702770829,0.443258554,57.31261739
12,0.353773326,0.711563766,0.094632164,0.64490962,0.33801049,0.445236742,53.79067366,0.664994597,0.715410292,0.926588058,0.644110799,0.702807128,0.438638866,57.80374564
13,0.35183841,0.711445749,0.093615428,0.647322237,0.3337439,0.444631785,54.11337752,0.665005803,0.715376258,0.928425491,0.647025168,0.707111478,0.438402742,57.8552291
14,0.350933701,0.711129963,0.090543941,0.64899379,0.329614401,0.443983614,54.03544873,0.66553849,0.7155568,0.928303063,0.648047686,0.707639873,0.43687731,58.14941608
15,0.351506025,0.71094799,0.090927891,0.652650714,0.330559403,0.432491034,55.18572718,0.668155372,0.714901507,0.930170655,0.649555266,0.713412166,0.434663802,58.75598605
16,0.351549536,0.710838318,0.091123775,0.656433046,0.322081387,0.429821581,56.25569524,0.669117212,0.71490413,0.930472195,0.651124418,0.717615008,0.430866152,59.69309413
17,0.351561636,0.710746944,0.091340095,0.659980476,0.321004093,0.428558737,56.25756498,0.669611812,0.715433955,0.932762265,0.653679788,0.721772313,0.427720249,60.16891232
18,0.351404786,0.709661722,0.091605172,0.668789446,0.302428395,0.424678177,58.1255598,0.669595122,0.715884209,0.932803154,0.658595085,0.727089643,0.421334326,61.35286973
19,0.351536453,0.709589601,0.092166297,0.673932314,0.299753189,0.423117816,58.21485737,0.669974625,0.71529454,0.933107734,0.663170457,0.733533502,0.419037491,61.9393075
20,0.350763142,0.709833682,0.091310151,0.676201284,0.298753053,0.419877201,58.40273437,0.669963956,0.714968026,0.93344593,0.667268395,0.73499459,0.417626023,61.77875745
21,0.350547314,0.710121512,0.089283042,0.681707501,0.296716094,0.41868633,57.94558804,0.670092583,0.715557277,0.934099674,0.671279013,0.735434532,0.416929692,61.52842039
22,0.35070166,0.710079968,0.089437641,0.683767736,0.296653092,0.416731358,57.94011689,0.670308411,0.715500295,0.934468091,0.675376952,0.73669374,0.416457355,61.26246272
23,0.349746585,0.710420489,0.089366488,0.68444103,0.295505732,0.416987419,58.07468231,0.670282364,0.716502488,0.934518993,0.678823411,0.737118125,0.416706353,61.13196175
24,0.348662913,0.710389793,0.089332804,0.685789049,0.292478472,0.417113632,58.32606249,0.670175731,0.717114866,0.935101867,0.684204221,0.742900908,0.42077148,60.96678132
25,0.348913461,0.710383773,0.0894036,0.692697108,0.288220704,0.417388141,58.06360655,0.671007454,0.717112005,0.935399354,0.690532863,0.748766124,0.425973445,60.53959471
26,0.34918949,0.712049782,0.089252427,0.713822544,0.285500467,0.423670858,55.53626119,0.6713714,0.721194506,0.936625361,0.714837015,0.757886946,0.439580053,58.37525343
27,0.349813044,0.712922215,0.088306926,0.723118722,0.281325638,0.42858085,54.52916448,0.671907008,0.72184819,0.938795686,0.729581237,0.76291436,0.453715533,55.82031819
28,0.350004971,0.713009298,0.087864064,0.731515348,0.279476345,0.436019987,53.0006955,0.67226851,0.723613024,0.94102633,0.740604341,0.767909646,0.461826146,54.54287756
29,0.350787252,0.713555038,0.087618709,0.736806571,0.280358553,0.43789351,52.13688164,0.672434807,0.724738717,0.94095695,0.747182786,0.767108858,0.466050267,53.49009465
30,0.351725101,0.713534594,0.085967734,0.742292285,0.281003416,0.439908147,51.00229928,0.67265898,0.724686444,0.941619873,0.754333556,0.767050683,0.470589012,52.10854775
31,0.351876497,0.71392101,0.083760612,0.749641299,0.277512997,0.442690343,50.15055949,0.672886908,0.725097299,0.942139626,0.756866634,0.768394589,0.473659873,51.74196372
32,0.351885498,0.714075625,0.083319634,0.754470825,0.273817331,0.443587661,49.94779247,0.673048317,0.725881219,0.942553818,0.760234773,0.772146404,0.478513449,51.56687025
33,0.35189423,0.714223862,0.083361089,0.764380515,0.262261629,0.454391032,49.43017293,0.674631655,0.726907969,0.944328904,0.770608962,0.776762366,0.487495571,50.17589947
34,0.352134973,0.713760257,0.083395168,0.771331429,0.25752598,0.462882906,48.46212491,0.674697757,0.726985633,0.945625901,0.775789022,0.778867543,0.495230764,49.06216166
35,0.352193832,0.713718414,0.082936235,0.772505879,0.253175378,0.463642538,48.82113473,0.67484206,0.72679013,0.945477366,0.781327844,0.780309141,0.495953649,48.54519494
36,0.348055631,0.713675916,0.081371844,0.774441063,0.249733165,0.46801433,48.37813466,0.674846292,0.726832211,0.945770383,0.786012471,0.781721354,0.499252498,47.90502756
37,0.347763866,0.713709891,0.081182733,0.776460052,0.24926801,0.468843758,48.10162255,0.675413966,0.726749122,0.945738971,0.787275136,0.783765972,0.502337277,47.76349327
38,0.347796261,0.713861525,0.080881253,0.776235461,0.249482661,0.469139844,48.07925633,0.675628722,0.727062047,0.945713341,0.786751211,0.783827126,0.504865348,47.66922507
39,0.347870797,0.715398967,0.079957955,0.77757585,0.247178003,0.470517725,48.3620029,0.676069319,0.728393197,0.945689857,0.789141357,0.783938527,0.505207181,47.63346524
40,0.347895265,0.71542573,0.079944685,0.777003407,0.24584493,0.470016539,48.67014079,0.676435232,0.728419244,0.945967674,0.789417684,0.785330236,0.504348278,47.84669837
41,0.347683549,0.716662049,0.079653613,0.776167512,0.245455578,0.464506656,49.47000557,0.67636025,0.728615761,0.94689399,0.7883991,0.785934806,0.503698468,48.05666612
42,0.346896678,0.717141032,0.079326384,0.772471547,0.243816465,0.457408696,50.7480999,0.676365376,0.729634106,0.946924865,0.787574768,0.786145687,0.502115369,48.52310905
43,0.347046047,0.716296732,0.079309888,0.764196396,0.242737323,0.454663575,52.02353954,0.676568925,0.729643106,0.946980119,0.784312606,0.787263751,0.500182509,49.22908334
44,0.346724182,0.716322482,0.079309411,0.753284454,0.242134124,0.451147228,53.80979757,0.676561236,0.729213595,0.946971297,0.779941022,0.787066102,0.493414611,50.21002287
45,0.346331328,0.715613604,0.079352662,0.739060819,0.241699308,0.433677673,56.98507771,0.676565051,0.730959654,0.94715327,0.773887753,0.786939979,0.489120603,51.62269751
46,0.346333265,0.714146733,0.079363078,0.728415668,0.241909146,0.420110852,59.14125705,0.676447153,0.730856955,0.946691871,0.765139937,0.786803484,0.479432225,53.53778565
47,0.346190751,0.712508857,0.079022519,0.715448916,0.244656876,0.403520167,61.40118338,0.67592442,0.729660153,0.945721149,0.753802538,0.786895394,0.46653071,55.94942492
48,0.346907347,0.71006006,0.082670227,0.674010456,0.262757301,0.362126797,67.7659544,0.675091088,0.727794826,0.945192695,0.71501261,0.785635591,0.43157497,63.33272461
49,0.347387284,0.710052073,0.084584437,0.652642369,0.26865083,0.348996758,71.09902023,0.674726605,0.72731328,0.944857776,0.699618518,0.784021497,0.412338525,66.61103052
50,0.347453862,0.709757268,0.085025035,0.631701291,0.287050724,0.330761313,72.69033584,0.674703658,0.725784242,0.944987118,0.686172903,0.779458582,0.397722721,68.48804907
51,0.347823232,0.709920108,0.086773321,0.615697622,0.294865102,0.323091716,74.42717516,0.674372435,0.725862801,0.943355858,0.67108047,0.773222327,0.385880738,70.69382716
52,0.348314226,0.709319234,0.090651914,0.606099844,0.299179196,0.318256766,75.90964599,0.674398482,0.725932002,0.942992091,0.664877176,0.769708812,0.380331099,71.46582262
53,0.349137962,0.708970964,0.093762264,0.590467274,0.313769549,0.310048938,76.77642918,0.674553037,0.722500682,0.942817032,0.659685969,0.764492452,0.369569272,71.60094416
54,0.349497855,0.708975255,0.097888976,0.59170115,0.318027407,0.306741714,77.30307679,0.674551368,0.720395327,0.942266643,0.655074835,0.761231184,0.365336269,71.71371596
55,0.349496484,0.708977044,0.099258378,0.585877419,0.320675075,0.300095767,78.42629913,0.674287021,0.719057739,0.940899014,0.647939086,0.758271933,0.360059768,72.54531848
56,0.350319445,0.708017528,0.108655587,0.566828668,0.335316002,0.287968218,81.19049603,0.672919154,0.718156457,0.938720703,0.628789783,0.754578292,0.344802409,75.62337159
57,0.351962268,0.70776093,0.117673814,0.552833736,0.350002676,0.276541084,83.41554809,0.672920823,0.7173841,0.937143683,0.621182024,0.752833962,0.334241718,77.29252525
58,0.353993952,0.707655072,0.121463381,0.548526824,0.350616872,0.277830124,84.13611681,0.672601998,0.716982484,0.936062813,0.617301345,0.750338316,0.328783333,77.95412783
59,0.356315553,0.707871437,0.127544224,0.543422878,0.355971724,0.272261113,85.59896738,0.672222972,0.71602267,0.934908569,0.612872899,0.747719646,0.324905753,78.41333406
60,0.356672823,0.707872152,0.133415356,0.539613307,0.36012432,0.26703018,87.25315307,0.671119332,0.715616524,0.932949185,0.609938681,0.746704519,0.322556645,79.0334256
61,0.357153624,0.708226919,0.133546084,0.53483218,0.36188823,0.266422421,87.40296124,0.670130312,0.715488315,0.932365239,0.606025815,0.744021058,0.319795281,79.31116324
62,0.357201993,0.7084831,0.133176655,0.536822677,0.36021179,0.267252058,87.35687679,0.66972971,0.715411246,0.931546867,0.60525012,0.743194759,0.319616288,79.41763422
63,0.357243955,0.709589958,0.132180184,0.538042843,0.360429853,0.268179566,87.0907587,0.669671178,0.715849161,0.931571007,0.603965878,0.742960274,0.318600088,79.66965335
64,0.357320487,0.709682047,0.131399587,0.537684321,0.361552507,0.267586619,86.84803895,0.669644415,0.715816259,0.931601644,0.605812073,0.74329412,0.318888634,79.50224258
65,0.358136028,0.709645331,0.131573305,0.538612306,0.361048549,0.268615425,86.68747464,0.670040011,0.715837419,0.931794167,0.60534668,0.743457198,0.31847468,79.59974226
66,0.358283699,0.709400356,0.132420257,0.538374901,0.361398757,0.267846614,86.88828194,0.670307994,0.71609205,0.932012737,0.605851889,0.743648529,0.318517506,79.59556288
67,0.35861057,0.708731055,0.132131845,0.537070215,0.360531509,0.268474072,86.78447046,0.670687675,0.716449916,0.932460606,0.60675931,0.744215906,0.318963528,79.54677913
68,0.3586604,0.708400965,0.131869823,0.537863076,0.359936595,0.269079,86.62673729,0.670742691,0.716821909,0.932491958,0.607167363,0.745477378,0.319280207,79.7220734
69,0.359208554,0.707304418,0.131211832,0.540599585,0.357201606,0.271264523,86.17437394,0.670697749,0.715395868,0.933321357,0.614432454,0.751527727,0.321276575,79.22469753
70,0.359340042,0.706854522,0.130423576,0.54498595,0.355005682,0.272555619,85.76343512,0.670597196,0.714571238,0.933336616,0.622158587,0.754631817,0.323840737,78.45480764
71,0.359340191,0.706253171,0.127187014,0.549346864,0.351359308,0.275105476,84.79025109,0.670596957,0.714512289,0.934679687,0.629798114,0.758950889,0.327845663,77.58720149
72,0.359080225,0.707684219,0.118217744,0.564147115,0.339250684,0.285574794,82.36176113,0.671208382,0.715460002,0.934347034,0.647239804,0.766142428,0.338452876,75.95593755
73,0.358960569,0.707294583,0.112223789,0.578377783,0.319281429,0.301427543,80.80342064,0.671256602,0.71486789,0.933365047,0.660650551,0.774198651,0.350774705,74.49975069
74,0.358959734,0.707290828,0.110430852,0.586910844,0.314748973,0.305732399,79.84016078,0.671333134,0.714864731,0.93274802,0.672877431,0.779821217,0.362994522,72.85838485
75,0.358791828,0.705851972,0.109805703,0.592210591,0.311901659,0.309526742,78.97105595,0.671411395,0.714921594,0.932813346,0.683016539,0.783148766,0.371207237,71.31831287
76,0.358781129,0.705809176,0.107997157,0.600701272,0.305270076,0.316466361,77.97686345,0.671687007,0.715240717,0.932822049,0.689925075,0.788376212,0.379565746,70.57924786
77,0.358672857,0.705511987,0.107457101,0.606082916,0.302678436,0.321092516,77.18169855,0.671774447,0.715558887,0.933470368,0.697755635,0.793882072,0.389935195,69.49883763
78,0.358639896,0.705662608,0.103256211,0.622656047,0.292827904,0.344673187,73.71334147,0.671885848,0.716318905,0.933667302,0.716635108,0.795045078,0.406312406,65.86031246
79,0.358627766,0.70584321,0.10130842,0.633282006,0.288231105,0.351772904,72.1636128,0.672492445,0.717084646,0.934341073,0.724914193,0.797565818,0.419353634,64.17302563
80,0.358926475,0.70584321,0.098656386,0.644360304,0.288916111,0.364199698,69.11037522,0.673107505,0.719065547,0.935004592,0.751726568,0.796701908,0.445261687,58.60248706
81,0.359886199,0.705480695,0.097004525,0.649931133,0.289539099,0.374975741,66.93043338,0.674806535,0.71920073,0.935864627,0.765747249,0.797782302,0.466072589,55.15140301
82,0.361405253,0.703332722,0.096946433,0.655103683,0.289477587,0.381701976,65.18194155,0.675338268,0.719264925,0.936229587,0.767087102,0.797397017,0.468995094,54.63966815
83,0.362265617,0.702539802,0.095723644,0.658424079,0.288241595,0.384482771,64.29947607,0.675913274,0.719358742,0.936467946,0.767485797,0.797361732,0.469300747,54.52534108
84,0.363545358,0.703311861,0.095405951,0.662105381,0.286267042,0.38549611,64.13084199,0.676599205,0.720380962,0.936706364,0.772467375,0.797098994,0.472087562,53.74873777
85,0.36380744,0.703605711,0.093896687,0.66378206,0.285342664,0.385914356,63.82692116,0.676827073,0.720445454,0.93695724,0.773324132,0.796885371,0.472251743,53.55972154
86,0.36379844,0.704519928,0.094009705,0.665188015,0.285607129,0.383735448,64.04971166,0.677054286,0.722109497,0.936918855,0.775889337,0.796705365,0.476443917,53.21645442
87,0.36379087,0.705386996,0.0931416,0.667979479,0.283190459,0.382909238,64.17887239,0.677030444,0.722152829,0.937235236,0.777430534,0.796540022,0.478056908,52.83453652
88,0.3636536,0.707199037,0.093050189,0.666661561,0.280941904,0.382578939,65.03920748,0.678260982,0.723809898,0.93823278,0.775069118,0.796692789,0.474470139,53.63207626
89,0.362966031,0.706751108,0.092591926,0.666251421,0.280591279,0.382170618,65.02322607,0.678261817,0.723919153,0.939729989,0.76979965,0.796632588,0.473272324,54.28657535
90,0.362877131,0.707028449,0.091747679,0.662742019,0.280761153,0.381342292,65.38792444,0.678446233,0.725107968,0.940585792,0.763798535,0.796655893,0.46475783,55.902267
91,0.362788796,0.708034217,0.091753602,0.658086479,0.281055301,0.375749171,66.60051828,0.678370416,0.725172698,0.941062093,0.754119039,0.796279311,0.450942397,58.18494382
92,0.362652808,0.708099902,0.091730177,0.650779963,0.281238675,0.373478293,67.59729963,0.678391874,0.72540772,0.94253701,0.737427592,0.79491365,0.440164387,60.98519013
93,0.361910164,0.708182693,0.091545001,0.640735805,0.28855738,0.367383957,68.22608289,0.67834264,0.725462317,0.9430089,0.7260741,0.793779016,0.429938436,63.12292567
94,0.361478627,0.7081635,0.091593124,0.635441422,0.292986959,0.362414747,68.66672477,0.677689135,0.725229621,0.94303447,0.72074753,0.793128371,0.425519943,64.04787691
95,0.361655146,0.707972586,0.107590951,0.596848488,0.322452039,0.334296912,74.32845006,0.676844358,0.721582055,0.940750122,0.68065089,0.782227278,0.391698062,70.06651776
96,0.361651212,0.706926584,0.114867628,0.578591585,0.336341918,0.316802055,77.24454337,0.674986362,0.720146298,0.940066814,0.659514546,0.769482017,0.369386524,72.42962481
97,0.361713082,0.706587732,0.12188606,0.566910863,0.342418432,0.309627712,79.6150065,0.672994792,0.720238864,0.939643264,0.646013141,0.762524962,0.358782947,73.89562416
98,0.36117655,0.70422405,0.125244081,0.559749722,0.345862031,0.306231827,80.45076048,0.670809329,0.72010541,0.937755466,0.638590932,0.760564625,0.351916313,75.26072212
99,0.361452699,0.704414725,0.131299585,0.553424478,0.350215644,0.2980102,82.66663994,0.670702696,0.720235229,0.937768579,0.625376582,0.759707153,0.344213665,77.20821872
100,0.361977488,0.704755425,0.133165166,0.546450913,0.353402555,0.290923774,83.91967796,0.670444846,0.720308125,0.937052727,0.619110465,0.757344604,0.339315921,78.07343893
101,0.362014234,0.703872502,0.142819807,0.529351592,0.364127725,0.276830345,87.29542636,0.669965386,0.72023201,0.93511945,0.603829265,0.752837598,0.327508509,80.28966235
102,0.361830503,0.703881681,0.148835585,0.52199477,0.371971577,0.264501989,89.58437439,0.667536616,0.720163047,0.931309044,0.5939188,0.747103333,0.315096259,82.12529089
103,0.361830235,0.704354465,0.152459413,0.5163607,0.377597302,0.258733839,90.77069305,0.665826976,0.720063329,0.928417563,0.58978498,0.740820229,0.306608796,82.86375831
104,0.361715674,0.704712749,0.154257566,0.511350334,0.377651989,0.261430949,91.19345936,0.664003968,0.720025599,0.92576915,0.584518313,0.738470256,0.304610342,83.58088323
105,0.361258447,0.704733729,0.154750347,0.509535193,0.379365593,0.260016382,91.39399123,0.66193974,0.72004205,0.925162137,0.582332671,0.736884713,0.299662769,83.95077768
106,0.361308277,0.704566121,0.158430025,0.507294416,0.383346677,0.256602556,92.2993375,0.6619066,0.720005572,0.923894286,0.577996433,0.734697402,0.29509154,84.68647037
107,0.361568511,0.704417825,0.162213638,0.503290057,0.389597505,0.250946462,93.231996,0.66193372,0.720143974,0.92263186,0.575989425,0.732842147,0.292088389,85.17766601
108,0.361537814,0.704085469,0.16779153,0.503140688,0.391485274,0.247743338,94.83086105,0.661855698,0.719983339,0.922060788,0.573947966,0.730776429,0.287793785,85.54114271
109,0.361169338,0.70346868,0.167147458,0.502604187,0.390100598,0.249130547,94.65815618,0.661991775,0.719899595,0.922050953,0.572331131,0.730790257,0.285351932,85.89044732
110,0.361073315,0.703961551,0.166342467,0.503164172,0.388469398,0.250855565,94.51874343,0.66244781,0.72023505,0.921827137,0.572224796,0.731509626,0.284696847,86.20952406
111,0.361097723,0.702112436,0.162844732,0.504508555,0.38783735,0.252012491,93.2026549,0.662742734,0.718984783,0.922956288,0.574183464,0.734774888,0.28699407,85.85977483
112,0.362143189,0.702045858,0.160271332,0.50505358,0.38537097,0.252615452,92.57563764,0.665234447,0.719809473,0.925344825,0.574513137,0.737550914,0.28854543,85.89474919
113,0.362169683,0.701842844,0.157036871,0.510088086,0.382766008,0.253466755,91.73394851,0.665935278,0.719985306,0.927672029,0.579754293,0.743109524,0.291567326,85.54455768
114,0.362718999,0.70195967,0.153801844,0.51864779,0.377269357,0.258722126,90.57810601,0.666923404,0.720064223,0.928150833,0.587237537,0.748387516,0.294887275,85.36508429
115,0.362733185,0.701963127,0.145229205,0.523083568,0.369120359,0.262892634,88.72295534,0.668227553,0.719902694,0.928769886,0.596460104,0.75296396,0.301604956,84.54586723
116,0.362716615,0.701964676,0.141430691,0.527220309,0.367001712,0.265541434,87.53551327,0.669427991,0.72033298,0.930747628,0.604618013,0.756456017,0.307208627,83.51254986
117,0.362812728,0.701989889,0.139216647,0.532302737,0.364272535,0.267428994,86.84124142,0.671495378,0.71945101,0.933867812,0.613862813,0.758584857,0.310548246,81.89838675
118,0.363064229,0.703408957,0.133033335,0.558116496,0.350198805,0.285324305,83.75465564,0.674691081,0.7194525,0.936233163,0.647264481,0.768393576,0.331286937,77.4538413
119,0.362708628,0.703362405,0.127493083,0.574065447,0.34116441,0.293123037,81.54252507,0.675698102,0.719413042,0.936184049,0.663006961,0.777512074,0.354606837,74.99244916
120,0.362820446,0.70342046,0.126261398,0.585925639,0.334313542,0.300306797,80.34224052,0.676375091,0.719290972,0.936830044,0.670574248,0.778710663,0.360804826,73.55276975
121,0.362279356,0.703975141,0.118640974,0.59550935,0.324860543,0.309653312,78.19115382,0.676724792,0.719227076,0.939501941,0.67793113,0.782544017,0.373881459,71.62720285
122,0.36228174,0.704665065,0.110363804,0.606589198,0.318010628,0.322693259,75.08935664,0.678651333,0.719172537,0.94328773,0.687351346,0.784517884,0.38232094,69.35940665
123,0.362305522,0.704844117,0.104697466,0.6206218,0.307574391,0.341985345,72.04603246,0.679542661,0.718886793,0.945065796,0.697378695,0.786326349,0.391203135,67.22611945
124,0.362196743,0.708126605,0.097792313,0.627705336,0.307134092,0.350411206,69.86687416,0.679589152,0.719387889,0.948114038,0.707310915,0.786322892,0.398735404,64.90640499
125,0.361511707,0.712450385,0.090113722,0.633351862,0.303272665,0.359985292,68.30318018,0.679791749,0.720100522,0.948770165,0.716260731,0.789101005,0.408043027,63.43189553
126,0.360920578,0.713668406,0.085231401,0.648399532,0.291956633,0.378463149,65.87347218,0.679974437,0.722456872,0.948808551,0.743662179,0.790548205,0.437963665,58.11928136
127,0.359368891,0.713779807,0.082331203,0.653368175,0.288038045,0.387344241,64.5880045,0.680490851,0.725362241,0.948676586,0.755717695,0.791159391,0.451699674,56.15279474
128,0.359027326,0.714519858,0.079741314,0.662245095,0.283574045,0.388972342,63.88248073,0.680588186,0.727742732,0.948678374,0.760790706,0.790909648,0.455586314,55.63678354
129,0.358952373,0.714069426,0.079291113,0.670363724,0.281192124,0.394319624,62.70032887,0.680918396,0.728899002,0.948719025,0.766528904,0.790871918,0.462505698,54.56339245
130,0.358665884,0.714033425,0.0764312,0.676014602,0.279763967,0.402195543,61.07505777,0.681104243,0.729391932,0.948739827,0.768741071,0.791057706,0.467870981,53.97755539
131,0.358670831,0.714186549,0.075987086,0.678299069,0.277332097,0.404580712,60.8972536,0.681216359,0.731447279,0.948697925,0.771627069,0.79136467,0.470127285,53.90003147
132,0.358238131,0.714222729,0.075684547,0.682240069,0.277438074,0.406232148,60.29222206,0.681197047,0.732609749,0.948690057,0.777250528,0.791853547,0.475396007,53.07013593
133,0.358240038,0.714134336,0.075489931,0.685970128,0.276701301,0.406887114,59.89776881,0.681190133,0.732885182,0.948781788,0.777625203,0.791841149,0.47535494,53.06959427
134,0.358194411,0.714121282,0.074897908,0.684837401,0.275946826,0.406318724,60.07794489,0.681606174,0.733602464,0.949205041,0.778593302,0.792081952,0.474815905,53.10683007
135,0.358267963,0.71411097,0.075049356,0.685187101,0.276741445,0.404855728,60.09698679,0.681765556,0.733584821,0.949812889,0.778063893,0.792034388,0.474208355,53.13751777
136,0.357981622,0.716469526,0.075374492,0.684021711,0.276960999,0.40350157,60.84812853,0.682455242,0.733822584,0.95125562,0.777009547,0.792214334,0.472105592,53.32550012
137,0.356928825,0.717023551,0.075638756,0.681377232,0.276395738,0.400669873,61.65059189,0.68193996,0.733864009,0.951429069,0.77362442,0.7921983,0.469326168,53.98532748
138,0.356853038,0.71769321,0.075903572,0.668565392,0.277323276,0.390175968,64.03225115,0.681875825,0.733762562,0.952349484,0.762192011,0.791973531,0.460478663,56.00677011
139,0.356910169,0.718467832,0.075954296,0.661135435,0.2783252,0.383011252,65.49285709,0.682153642,0.733848929,0.952969432,0.752024651,0.791157722,0.448688895,58.08308238
140,0.35674426,0.718938291,0.076096803,0.653172433,0.278689682,0.375337452,67.08956329,0.682142496,0.73395431,0.953393102,0.743766844,0.790383041,0.438485533,59.82748616
141,0.356662214,0.718087554,0.078204677,0.638843179,0.286187917,0.361744285,68.99452788,0.682066083,0.733607948,0.953268528,0.728979111,0.789217174,0.426577836,62.4981843
142,0.356161058,0.717058539,0.084560685,0.621609569,0.295087963,0.347232431,71.86436542,0.682082057,0.733649969,0.953366935,0.718342066,0.787914932,0.41525048,64.60033045
143,0.35617429,0.714748561,0.104486547,0.587284684,0.322573304,0.316328734,78.02946327,0.679331958,0.732756019,0.949637234,0.685640633,0.775029361,0.382812798,69.92019569
144,0.356206328,0.713965833,0.113397263,0.574436426,0.337329984,0.307580024,79.88196798,0.677158713,0.732048154,0.948317826,0.666964173,0.76933372,0.369272232,72.48095043
145,0.356191695,0.710007906,0.11688596,0.55966723,0.348830968,0.294648349,80.94607748,0.675888002,0.729651988,0.947575927,0.651962876,0.764474213,0.361359924,73.74385925
146,0.356434047,0.708921432,0.122227624,0.554168284,0.350264698,0.294384837,82.1783904,0.675646484,0.725163341,0.946465313,0.641311646,0.758627057,0.353362203,74.08607569
147,0.356501579,0.708917797,0.125641674,0.550405383,0.35472703,0.295336246,82.54619127,0.675019026,0.724707723,0.945428729,0.631889701,0.75538528,0.347471207,75.19461127
148,0.35718137,0.708402276,0.132721275,0.543902397,0.357286721,0.289787292,84.76900954,0.674818158,0.725034416,0.943951249,0.619459331,0.751438498,0.342223376,76.64287434
149,0.357358009,0.70777148,0.136504531,0.53450644,0.36139825,0.283631474,86.24082526,0.674511969,0.724942446,0.941808581,0.608341575,0.748056233,0.337110579,78.02802127
150,0.357635885,0.707061589,0.143291682,0.532580376,0.366303265,0.281443447,87.54106791,0.672476649,0.724732339,0.939317703,0.603695512,0.742951334,0.332853168,78.45574081
151,0.357606828,0.707210183,0.150846735,0.520183027,0.377735198,0.269830048,89.94606373,0.670723677,0.723965466,0.934165299,0.590134025,0.730454803,0.320308149,79.87938782
152,0.357806683,0.706030548,0.155968726,0.518826246,0.376986057,0.269251496,91.31853939,0.669720232,0.720547855,0.92889154,0.586707234,0.726233184,0.31452471,80.64244143
153,0.358040273,0.705662549,0.154211923,0.513721228,0.378793418,0.267430156,90.91937805,0.669582248,0.720213056,0.92811811,0.584783673,0.725348353,0.313915581,80.82874845
154,0.35864687,0.705018342,0.153608084,0.515270829,0.378212333,0.266408712,90.71483192,0.669605136,0.720186055,0.926766098,0.585037947,0.726109385,0.313585639,81.25197782
155,0.359048277,0.70558089,0.153832644,0.516503155,0.379186392,0.264402181,90.86265259,0.669684768,0.720927238,0.926302791,0.585115373,0.726328969,0.314191848,81.45772674
156,0.359285712,0.7053774,0.153146669,0.517673314,0.380549371,0.263337642,90.52001702,0.669657707,0.720822394,0.926582932,0.584895492,0.726845682,0.314232349,81.45552458
157,0.359429777,0.705327392,0.152776882,0.518685102,0.381645083,0.262229383,90.34073175,0.669671655,0.721125543,0.927820504,0.586592078,0.727510571,0.315554917,81.05988917
158,0.359338552,0.705155611,0.1492953,0.519520164,0.37919718,0.263636053,89.5316737,0.670026839,0.722109854,0.930259228,0.588606894,0.731575847,0.316069543,81.06592594
159,0.359459102,0.704889297,0.145638764,0.524472475,0.377809286,0.265488029,88.28180656,0.671051443,0.722070694,0.93257606,0.595563054,0.736304641,0.317707419,80.57792115
160,0.359653682,0.704848349,0.137771264,0.527604818,0.372420996,0.271825999,86.08541077,0.671595871,0.721667945,0.93573463,0.604942977,0.741454959,0.320928782,79.46696084
161,0.359586924,0.703599393,0.134955302,0.539169848,0.366096944,0.275987536,84.91255596,0.672261357,0.72085011,0.937379539,0.618031204,0.744934022,0.326007485,77.81229385
162,0.359634578,0.702695787,0.129376262,0.550763667,0.359085679,0.286628813,82.40574661,0.672241092,0.720436394,0.937382817,0.633553445,0.747794032,0.331488669,76.02904892
163,0.359643042,0.702827215,0.127959013,0.560804725,0.355812103,0.294349551,80.97367429,0.672928452,0.720306158,0.938251853,0.642742336,0.749643385,0.338210851,74.52400851
164,0.359074235,0.702319801,0.125272393,0.56922251,0.352414995,0.301701725,79.31830132,0.672911525,0.718646646,0.939222813,0.655344546,0.752846539,0.348722488,72.07825832
165,0.358456314,0.702756763,0.120936021,0.579156041,0.350836307,0.307710946,77.22863623,0.673665345,0.719560683,0.941458523,0.666115105,0.755198002,0.360693365,69.90987129
166,0.358386487,0.702426553,0.110216439,0.603177667,0.341259062,0.32368347,72.21891659,0.673982918,0.719570696,0.94720155,0.701836288,0.757800221,0.392733425,62.21612561
167,0.358177692,0.702370882,0.099760346,0.619303942,0.335639775,0.337303042,67.90896774,0.674525619,0.719297826,0.950818837,0.719370604,0.75905931,0.40751946,58.39724857
168,0.35786745,0.702241123,0.096550032,0.627839923,0.329324305,0.34593454,66.34539965,0.674586415,0.719342768,0.953466296,0.728625,0.761299968,0.418420523,56.31617094
169,0.357783079,0.70281601,0.09220355,0.637165904,0.325586617,0.350901186,64.69558632,0.674683928,0.719338,0.955597699,0.738308311,0.765524685,0.432922989,54.2383451
170,0.357842386,0.70274359,0.092502087,0.642100871,0.324077249,0.353420526,64.13759193,0.677175403,0.720692337,0.956720233,0.744545341,0.766325057,0.438775212,53.21342136
171,0.357856095,0.702770293,0.087751247,0.647605121,0.321718097,0.359252512,62.48753852,0.677636981,0.720735729,0.957529843,0.754112363,0.766858757,0.452724636,50.88047236
172,0.356848598,0.7027632,0.085942596,0.655438364,0.314751625,0.369189382,61.2724732,0.677616775,0.721413314,0.958592892,0.758134604,0.76757586,0.460413635,49.86998026
173,0.356857032,0.702782989,0.084087856,0.664202929,0.306929171,0.382464439,59.70816264,0.677979231,0.721684635,0.959712505,0.765575588,0.76736784,0.466214865,48.42364837
174,0.356434584,0.703144848,0.083154626,0.666079402,0.30191502,0.386646181,59.66760424,0.678214371,0.722378552,0.96080476,0.769239426,0.767287731,0.471219867,47.58712876
175,0.356092513,0.703167796,0.082554355,0.67207557,0.300210565,0.395889223,58.24395471,0.678068519,0.722383857,0.961005807,0.767139852,0.767255187,0.471963972,47.73072345
176,0.355683714,0.706351399,0.082529813,0.673776627,0.299044579,0.395646721,58.90109337,0.678163052,0.722707212,0.961116016,0.762748599,0.764679372,0.467790753,48.2825078
177,0.355696023,0.70665282,0.082424283,0.670959771,0.298601329,0.392785728,59.58968454,0.678192198,0.723031282,0.961327851,0.759997487,0.763909042,0.465037376,48.76687059
178,0.355701923,0.707665503,0.081917256,0.668577552,0.299887806,0.390528679,60.03122723,0.678193212,0.72340858,0.961461425,0.758652389,0.763278365,0.463067114,49.06685577
179,0.356382936,0.707857132,0.082025103,0.665988982,0.303828329,0.38551867,60.33876913,0.678155541,0.723250151,0.961433768,0.757995725,0.762010932,0.454889417,49.66516557
180,0.355929017,0.707921326,0.082156882,0.659990728,0.305740476,0.378094822,61.51097792,0.677407801,0.723551512,0.96070683,0.751140594,0.76156646,0.448266536,51.1127795
181,0.355802774,0.707922518,0.082314126,0.654070675,0.305893868,0.37422058,62.51713954,0.677197516,0.723535478,0.960687041,0.739662349,0.760768771,0.43675825,53.31910627
182,0.355411172,0.708185494,0.084722355,0.642905295,0.307222426,0.367720515,64.60153871,0.676906705,0.723603487,0.957103372,0.719345212,0.758904099,0.419197053,57.43237895
183,0.355699152,0.710485458,0.098785259,0.605154634,0.327062964,0.340247095,71.54056067,0.676566303,0.722439229,0.952936769,0.682093084,0.755437613,0.3851237,64.67984698
184,0.356030881,0.710528553,0.107000753,0.587027729,0.337711275,0.326448172,74.85720312,0.676454186,0.720990717,0.951275945,0.654299378,0.749669015,0.37012586,68.28656212
185,0.355756521,0.710731804,0.109822333,0.574698806,0.342021793,0.319848031,76.6109386,0.675834656,0.720720649,0.948122978,0.642246664,0.745724082,0.360431582,70.39126258
186,0.355660051,0.710703135,0.115877077,0.564439178,0.34984234,0.308648437,78.93419397,0.675219595,0.72020638,0.945504963,0.626759708,0.742243648,0.351795852,72.59908126
187,0.355035752,0.710689247,0.117692567,0.554140687,0.354465336,0.296744257,80.79813423,0.674529135,0.719953477,0.942243099,0.612517416,0.73815912,0.346447855,74.37666698
188,0.355597764,0.710802078,0.123582259,0.549344718,0.357619464,0.293602318,82.37115951,0.673452258,0.719536066,0.938167214,0.606318176,0.735853791,0.339498192,75.98543068
189,0.355623573,0.710853398,0.130150542,0.545631409,0.362530202,0.288356096,84.14379051,0.672678709,0.718583941,0.933296859,0.598201871,0.730059862,0.331242293,77.51056729
190,0.35615927,0.710686088,0.134878457,0.542068839,0.368422836,0.278074175,85.80984492,0.671034873,0.717241168,0.930624127,0.594118118,0.722015262,0.32165727,77.93559051
191,0.357217938,0.711072564,0.153024033,0.528242946,0.38375777,0.258145899,91.33437484,0.668045819,0.716837943,0.923893631,0.576091886,0.712643683,0.30315882,81.0760715
192,0.358218014,0.711072803,0.161456048,0.522675455,0.393305957,0.251122236,93.26545856,0.665967643,0.716915667,0.924408555,0.568758368,0.70831877,0.300337583,80.98900343
193,0.358639419,0.711339295,0.162928015,0.520651758,0.391725838,0.253464073,93.68103219,0.663952112,0.717127681,0.923265934,0.568217635,0.705523849,0.29888314,80.91281623
194,0.358727157,0.711168945,0.161503509,0.52144146,0.392188907,0.253357798,93.17826114,0.663638949,0.717113733,0.923392951,0.570105016,0.704081655,0.297669381,80.67370542
195,0.358731776,0.71146071,0.15938428,0.523784876,0.39156574,0.248919725,93.08449622,0.663176477,0.717063546,0.921990693,0.571977735,0.704390585,0.296008617,81.01849234
196,0.359098226,0.711398304,0.157588333,0.524900138,0.390944153,0.247973219,92.66480683,0.663511455,0.717708051,0.922222912,0.57532692,0.705602705,0.296557754,80.97673575
197,0.360625774,0.711358666,0.156468138,0.526206672,0.3897686,0.250147879,92.00356882,0.663568497,0.718357325,0.92257911,0.577441037,0.70651263,0.298667341,80.77081832
198,0.361146033,0.710654795,0.155598059,0.526730239,0.38925302,0.251187354,91.52492431,0.664076447,0.718363702,0.923338294,0.577639639,0.712037444,0.299598038,81.25912444
199,0.3615022,0.710784316,0.150080889,0.528269947,0.388503462,0.252549022,89.95239898,0.664949477,0.72048384,0.926263034,0.583150268,0.71868223,0.300756127,81.40554345
200,0.361081779,0.710157514,0.143934116,0.53211391,0.385641545,0.253392071,88.41718314,0.668202221,0.72055614,0.932123303,0.595489144,0.725406885,0.304787755,79.93889328
201,0.36093533,0.709299684,0.132982954,0.573148727,0.367477596,0.282418191,81.96032638,0.670399904,0.720528841,0.937238216,0.653366864,0.744721651,0.334001184,73.04567373
202,0.359463036,0.708854914,0.11737521,0.594224751,0.352575511,0.304152071,76.30160382,0.671350718,0.721467853,0.943625152,0.683502018,0.753272653,0.353787541,67.93919008
203,0.358905226,0.707028806,0.101106562,0.618811786,0.336261272,0.323859155,70.3265652,0.672731757,0.7227633,0.949000835,0.699999988,0.75898236,0.37319091,64.53502159
204,0.358998954,0.70694989,0.08894711,0.637531102,0.328481823,0.33429879,66.10962627,0.673520684,0.722364068,0.955165088,0.711100459,0.761875689,0.385507643,61.5945244
205,0.359057307,0.70723474,0.083789468,0.646955252,0.326066971,0.335956156,64.43228205,0.67587018,0.722315967,0.963277221,0.716178477,0.764999211,0.396585107,59.40758797
206,0.359126091,0.707736313,0.075622037,0.652953506,0.325164288,0.338754147,62.47955973,0.677333117,0.72169894,0.967048824,0.725367188,0.768412113,0.402365357,57.68428183
207,0.359182775,0.707831502,0.069958463,0.655828714,0.32111603,0.345213711,61.23455765,0.679300904,0.720383465,0.971066773,0.724163294,0.770546854,0.400419623,57.48458415
208,0.35912174,0.707644403,0.067608729,0.655990541,0.320643961,0.350595385,60.40462184,0.679329753,0.718306959,0.970695794,0.723731935,0.781754851,0.398634493,58.76892232
209,0.35912481,0.707943678,0.066251531,0.652439713,0.322236121,0.347064108,60.75935491,0.679629743,0.716207743,0.971324444,0.720284462,0.794014812,0.397287756,60.43462222
210,0.357609451,0.707234621,0.063608281,0.652192175,0.319560587,0.344488055,60.84994494,0.681547284,0.712972879,0.97260952,0.718748748,0.812970042,0.395334661,62.59189403
211,0.35752517,0.70452857,0.06149311,0.653174996,0.316569626,0.340822726,60.60519563,0.682823241,0.709851146,0.975461125,0.719607472,0.827566445,0.39404878,63.6591785
212,0.35602352,0.695239007,0.052765131,0.668556631,0.285713285,0.327132434,60.72317619,0.691298783,0.703967273,0.983168602,0.739435792,0.872524917,0.404282182,64.80177457
213,0.355382234,0.69012779,0.052382749,0.692794561,0.271646559,0.325302035,58.67339375,0.697273791,0.701767623,0.984253526,0.7626369,0.889264941,0.420016557,62.52928079
214,0.353753716,0.685653448,0.042706188,0.721008003,0.254159898,0.32628864,55.33718555,0.69880724,0.697641194,0.98810178,0.776651323,0.933939815,0.46136716,64.97673663
215,0.353365004,0.685893297,0.043805234,0.745794415,0.24627094,0.352101117,51.83285649,0.709954619,0.698002756,0.99414742,0.791989028,0.98222065,0.537440419,69.01766618
216,0.342406154,0.685644269,0.034824532,0.780343354,0.237199277,0.37603128,46.29746156,0.708974481,0.697211087,0.975163281,0.82923907,0.993033767,0.5856058,67.81400469
217,0.33370769,0.685687423,0.036713548,0.822253883,0.227351874,0.428277403,39.4841386,0.708268166,0.697859406,0.96206677,0.842522204,0.98455143,0.777523458,79.39902774
218,0.326703548,0.68508029,0.033955403,0.91151458,0.204238847,0.536903262,27.83417116,0.708148003,0.698628008,0.919101715,0.859066188,0.987288356,1.021599174,150.0136093
219,0.325828791,0.691242039,0.069185197,0.908336461,0.010732939,0.78917408,75.901326,0.703965783,0.694010139,0.90574342,0.859656513,0.990863204,0.955604613,170.9614229
